Ref,Val,Package,PosX,PosY,Rot,Side
"C1","10u","C_0805_2012Metric",11.100000,18.300000,-90.000000,top
"C2","100n","C_0603_1608Metric",18.720000,18.600000,-90.000000,top
"C3","100n","C_0603_1608Metric",18.720000,9.600000,-90.000000,top
"D1","NSSW157T","LED_Nichia_NSSW157T",41.000000,8.400000,0.000000,top
"D2","NSSW157T","LED_Nichia_NSSW157T",41.000000,19.600000,0.000000,top
"Q1","AO3400A","SOT-23",36.400000,10.400000,0.000000,top
"Q2","AO3400A","SOT-23",36.400000,17.600000,0.000000,top
"R1","20","R_0603_1608Metric",26.600000,8.300000,0.000000,top
"R2","20","R_0603_1608Metric",26.600000,19.700000,0.000000,top
"R3","33","R_2010_5025Metric",4.199999,13.500000,0.000000,top
"R4","33","R_2010_5025Metric",4.199999,17.900000,0.000000,top
"R5","220","R_0603_1608Metric",8.560000,9.600000,90.000000,top
"R6","220","R_0603_1608Metric",11.100000,9.600000,90.000000,top
"R7","100k","R_0603_1608Metric",8.560000,12.900000,90.000000,top
"R8","100k","R_0603_1608Metric",11.100000,12.900000,90.000000,top
"R9","1","R_0603_1608Metric",35.400000,7.000000,-90.000000,top
"R10","1","R_0603_1608Metric",35.400000,21.000000,90.000000,top
"R11","10k","R_0603_1608Metric",3.479999,9.600000,-90.000000,top
"R12","10k","R_0603_1608Metric",6.020000,9.600000,-90.000000,top
