"Refs","Value","Footprint","MPN","Manufacturer","Rating","Notes","Qty","DNP"
"C1","10u","Capacitor_SMD:C_0805_2012Metric","ceramic capacitor 10uF","","10 V X5R 0805","3V3 bulk: LED PWM + ToF peaks (2 x 40 mA)","1",""
"C2","100n","Capacitor_SMD:C_0603_1608Metric","ceramic capacitor 100nF","","16 V X7R 0603","Bypass near ToF header J1","1",""
"C3","100n","Capacitor_SMD:C_0603_1608Metric","ceramic capacitor 100nF","","16 V X7R 0603","Bypass near ToF header J2","1",""
"D1,D2","NSSW157T","head-sensor-board:LED_Nichia_NSSW157T","NSSW157T","Nichia","IF 150 mA max; VF 2.8-3.4 V @80 mA; 3.0x1.4x0.52 mm","Akizuki 116884. White chip LED, height 0.52 mm","2",""
"J1","ToF_L (PLACEHOLDER)","head-sensor-board:PinHeader_1x06_P2.54mm_NoSilk","PinHeader 1x06 2.54 mm","","2.54 mm pitch","VL53L1X small module (Amazon B083Z316NC) on jumper wires. PIN ORDER IS A PLACEHOLDER - UNVERIFIED (module not in hand)","1",""
"J2","ToF_R (PLACEHOLDER)","head-sensor-board:PinHeader_1x06_P2.54mm_NoSilk","PinHeader 1x06 2.54 mm","","2.54 mm pitch","VL53L1X small module (Amazon B083Z316NC) on jumper wires. PIN ORDER IS A PLACEHOLDER - UNVERIFIED (module not in hand)","1",""
"J3","LED_L_EXT (1:+ 2:-)","Connector_PinHeader_2.54mm:PinHeader_1x02_P2.54mm_Vertical","PinHeader 1x02 2.54 mm","","current-limited node (after R1/R3)","External LED: pin 1 = + (LEDA, after the series resistor), pin 2 = - (LEDK). Do NOT short + to -","1",""
"J4","LED_R_EXT (1:+ 2:-)","Connector_PinHeader_2.54mm:PinHeader_1x02_P2.54mm_Vertical","PinHeader 1x02 2.54 mm","","current-limited node (after R1/R3)","External LED: pin 1 = + (LEDA, after the series resistor), pin 2 = - (LEDK). Do NOT short + to -","1",""
"Q1,Q2","AO3400A","Package_TO_SOT_SMD:SOT-23","AO3400A (alt. Si2302CDS)","Alpha & Omega (alt. Vishay)","30 V 5.7 A VGS(th) 0.65-1.45 V RDS(on)<48 mohm @2.5 V (alt. Si2302CDS 20 V 2.6 A 0.40-0.85 V <75 mohm)","SOT-23 pin 1=G 2=S 3=D. Gate driven by 3.3 V logic","2",""
"R1,R2","20","Resistor_SMD:R_0603_1608Metric","chip resistor 20 ohm","","0.1 W (0603)","LED current limit @3V3 (20 ohm: 8.5/23.6/38.8 mA min/nom/max)","2",""
"R3,R4","33","Resistor_SMD:R_2010_5025Metric","chip resistor 33 ohm","","0.5 W (2010)","LED current limit @5V (33 ohm 2010: 45/59/73 mA min/nom/max). Fitted, used only when SJ is set to 5V","2",""
"R5,R6","220","Resistor_SMD:R_0603_1608Metric","chip resistor 220 ohm","","0.1 W (0603)","Gate series resistor (limits the gate charge peak to 15 mA)","2",""
"R7,R8","100k","Resistor_SMD:R_0603_1608Metric","chip resistor 100k ohm","","0.1 W (0603)","Gate pull-down: LED off during reset/boot (GPIO3 is a strapping pin)","2",""
"R9,R10","1","Resistor_SMD:R_0603_1608Metric","chip resistor 1 ohm","","0.1 W (0603) 1 %","Current sense: TP ILED voltage = 1 mV per mA (1 %)","2",""
"R11","10k","Resistor_SMD:R_0603_1608Metric","chip resistor 10k ohm","","0.1 W (0603)","XSHUT pull-up (ST DS12385 2.4: XSHUT must always be driven; 10k recommended)","1",""
"R12","10k","Resistor_SMD:R_0603_1608Metric","chip resistor 10k ohm","","0.1 W (0603)","XSHUT pull-up (ST DS12385 2.4)","1",""
"R13","3.3k","Resistor_SMD:R_0603_1608Metric","chip resistor 3.3k ohm","","0.1 W (0603)","I2C pull-up. DNP: fit only if the module has none (ST Table 4: 3.6k for CL<=90 pF)","1","未実装(DNP)"
"R14","3.3k","Resistor_SMD:R_0603_1608Metric","chip resistor 3.3k ohm","","0.1 W (0603)","I2C pull-up. DNP: fit only if the module has none","1","未実装(DNP)"
"R15,R16","0","Resistor_SMD:R_0603_1608Metric","chip resistor 0 ohm","","0 ohm jumper","GPIO1 link to XIAO D8/D9 (shares the Sense microSD SPI pins). Default: not fitted","2","未実装(DNP)"
"SJ1","LED_L_SUPPLY","Jumper:SolderJumper-3_P1.3mm_Bridged12_RoundedPad1.0x1.5mm","solder jumper (PCB pads)","","-","Default: pads 1-2 bridged = 3V3 via R1/R2. For 5V: cut the 1-2 bridge, bridge 2-3 (via R3/R4)","1",""
"SJ2","LED_R_SUPPLY","Jumper:SolderJumper-3_P1.3mm_Bridged12_RoundedPad1.0x1.5mm","solder jumper (PCB pads)","","-","Default: pads 1-2 bridged = 3V3 via R1/R2. For 5V: cut the 1-2 bridge, bridge 2-3 (via R3/R4)","1",""
"U1","XIAO_ESP32S3_Sense","head-sensor-board:XIAO_ESP32S3_THT_2x7_P2.54mm","Seeed XIAO ESP32S3 Sense","","3V3 out 700 mA (Seeed wiki, condition not stated)","Akizuki 118079. Mount on 2x 1x7 sockets (or pin headers). USB-C side = up in the drawing","1",""
